{
  "height": 278.79828326180257,
  "width": 280.17167381974247,
  "x": 289.78540772532187,
  "y": 108.49785407725321,
  "z": 0
}