{
  "height": 402.40343347639481,
  "width": 475.19313304721027,
  "x": 9.613733905579398,
  "y": 20.600858369098713,
  "z": 0
}